{"cameraMode":{"drawMode":0,"name":"Shaded","section":"Shading Mode"},"sceneLighting":true,"audioPlay":false,"sceneViewState":{"showFog":true,"showMaterialUpdate":false,"showSkybox":true,"showFlares":true,"showImageEffects":true,"showParticleSystems":true},"in2DMode":false,"pivot":{"x":25.879241943359376,"y":-36.99913024902344,"z":0.5777884721755981},"rotation":{"x":0.4765503406524658,"y":-0.29810717701911929,"z":0.17586931586265565,"w":0.8081955909729004},"size":36.249778747558597,"orthographic":false}