{"cameraMode":{"drawMode":0,"name":"Shaded","section":"Shading Mode"},"sceneLighting":true,"audioPlay":false,"sceneViewState":{"showFog":true,"showMaterialUpdate":false,"showSkybox":true,"showFlares":true,"showImageEffects":true,"showParticleSystems":true},"in2DMode":false,"pivot":{"x":49.58970642089844,"y":12.788503646850586,"z":-13.79171371459961},"rotation":{"x":-0.04706209525465965,"y":0.9507685899734497,"z":-0.2475391924381256,"w":-0.180772066116333},"size":6.152248859405518,"orthographic":false}