{"cameraMode":{"drawMode":0,"name":"Shaded","section":"Shading Mode"},"sceneLighting":false,"audioPlay":false,"sceneViewState":{"showFog":true,"showMaterialUpdate":false,"showSkybox":false,"showFlares":true,"showImageEffects":true,"showParticleSystems":true},"in2DMode":false,"pivot":{"x":0.012925148010253907,"y":3.1303648948669435,"z":0.0},"rotation":{"x":0.11262575536966324,"y":-0.5808086395263672,"z":0.08154784888029099,"w":0.8020853400230408},"size":10.210044860839844,"orthographic":false}