{"cameraMode":{"drawMode":0,"name":"Shaded","section":"Shading Mode"},"sceneLighting":false,"audioPlay":false,"sceneViewState":{"showFog":true,"showMaterialUpdate":false,"showSkybox":false,"showFlares":true,"showImageEffects":true,"showParticleSystems":true},"in2DMode":false,"pivot":{"x":-1.25,"y":1.399999976158142,"z":0.10000079870223999},"rotation":{"x":0.05479845032095909,"y":0.05121652036905289,"z":-0.0028259833343327047,"w":0.9971874356269836},"size":1.955121397972107,"orthographic":false}