{"cameraMode":{"drawMode":0,"name":"Shaded","section":"Shading Mode"},"sceneLighting":true,"audioPlay":false,"sceneViewState":{"showFog":true,"showMaterialUpdate":false,"showSkybox":false,"showFlares":true,"showImageEffects":true,"showParticleSystems":true},"in2DMode":false,"pivot":{"x":-0.8351483345031738,"y":-0.040482521057128909,"z":-2.5313920974731447},"rotation":{"x":0.35819679498672488,"y":-0.41577547788619997,"z":0.18251192569732667,"w":0.8158090710639954},"size":5.350908279418945,"orthographic":false}