{"cameraMode":{"drawMode":0,"name":"Shaded","section":"Shading Mode"},"sceneLighting":true,"audioPlay":false,"sceneViewState":{"showFog":true,"showMaterialUpdate":false,"showSkybox":true,"showFlares":true,"showImageEffects":true,"showParticleSystems":true,"showVisualEffectGraphs":true,"m_FxEnabled":true},"in2DMode":false,"pivot":{"x":187.68409729003907,"y":-28.725311279296876,"z":-86.65655517578125},"rotation":{"x":-0.1928580403327942,"y":0.016179926693439485,"z":-0.003191639669239521,"w":-0.9810980558395386},"size":246.3737335205078,"orthographic":false}