{"cameraMode":{"drawMode":0,"name":"Shaded","section":"Shading Mode"},"sceneLighting":true,"audioPlay":false,"sceneViewState":{"showFog":true,"showMaterialUpdate":false,"showSkybox":true,"showFlares":true,"showImageEffects":true,"showParticleSystems":true,"showVisualEffectGraphs":true,"m_FxEnabled":true},"in2DMode":false,"pivot":{"x":-1.998902678489685,"y":1.7921826839447022,"z":-21.306535720825197},"rotation":{"x":0.0030165703501552345,"y":0.9913859963417053,"z":0.02320265583693981,"w":-0.12889458239078523},"size":0.779514491558075,"orthographic":false}